preco;area;quartos;vagas;banheiros;bairro;Imobiliaria;Data_scrape
930000000.0;694.73;3;4;3;Vila Rezende;Frias Neto
1400000000.0;419.62;3;5;5;Terras de Piracicaba;Frias Neto
1180000000.0;360.0;3;4;4;Villa Bela Vista;Frias Neto
155000000.0;79.76;2;1;1;Vila Verde;Frias Neto
395000000.0;154.6;3;2;4;Centro;Frias Neto
250000000.0;61.4;2;2;2;Pauliceia;Frias Neto
2000000000.0;1008.49;4;4;6;Park Campestre;Frias Neto
320000000.0;443.0;0;0;0;Jardim São Cristóvão I;Junqueira
170000000.0;45.0;2;1;1;Jardim São Francisco;Frias Neto
970000000.0;532.5;10;8;10;Vila Independência;Frias Neto
560000000.0;308.2;3;4;3;Parque São Jorge;Frias Neto
650000000.0;65.0;0;2;2;Alto;Frias Neto
196000000.0;58.0;2;1;1;Dois Córregos ;Frias Neto
220000000.0;53.59;2;1;1;Centro;Frias Neto
440000000.0;138.0;2;2;1;Jardim Elite;Frias Neto
250000000.0;72.0;2;1;2;Centro;Frias Neto
390000000.0;182.0;3;4;2;Parque São Jorge;Frias Neto
260000000.0;60.73;2;1;2;Parque Conceição;Frias Neto
1750000000.0;262.39;4;2;6;Leão;Frias Neto
265000000.0;57.0;2;1;2;Nova América;Frias Neto
320000000.0;350.39;0;0;0;Villa Bela Vista;Frias Neto
980000000.0;220.52;3;2;3;Convívio São Francisco;Frias Neto
85000000.0;175.0;0;0;0;Loteamento Vem Viver Piracicaba I;Frias Neto
250000000.0;59.34;2;1;2;Parque Conceição;Frias Neto
1100000000.0;3078.0;0;0;0;Uninorte;Frias Neto
530000000.0;98.0;3;2;3;Vila Monteiro;Frias Neto
1600000000.0;1397.0;0;6;1;Cidade Alta;Frias Neto
280000000.0;125.0;3;2;2;Santa Terezinha;Frias Neto
139000000.0;46.59;2;1;1;Santa Terezinha;Frias Neto
250000000.0;65.0;4;6;4;Park Campestre;Junqueira
580000000.0;276.4;0;44;0;Água Branca;Junqueira
420000000.0;83.0;3;2;3;Alto;Frias Neto
250000000.0;99.7;0;0;0;Jardim Elite;Junqueira
650000000.0;250.0;3;6;4;Nova América;Frias Neto
1300000000.0;360.0;3;6;4;São Dimas;Frias Neto
900000000.0;128.34;3;2;2;Alto;Frias Neto
155000000.0;75.33;0;0;1;Centro;Frias Neto
1100000000.0;432.6;4;4;4;Centro;Frias Neto
190000000.0;57.14;2;1;1;Morumbi;Frias Neto
1800000000.0;2152.0;0;0;0;Pacaembú;Frias Neto
140000000.0;46.0;2;1;1;Campestre;Frias Neto
300000000.0;46.7;5;2;4;Centro;Junqueira
219000000.0;53.39;2;1;1;Nova América;Frias Neto
720000000.0;265.99;5;4;2;Nova Piracicaba;Frias Neto
920000000.0;867.32;3;5;6;Jardim São Francisco;Frias Neto
320000000.0;50.0;1;1;1;Centro;Frias Neto
243000000.0;55.0;2;1;1;Jardim Nova Iguaçú;Frias Neto
1200000000.0;300.0;3;3;3;Terras de Piracicaba;Frias Neto
350000000.0;300.0;0;0;0;Alemães;Frias Neto
330000000.0;154.0;2;3;2;Alto da Pompéia;Frias Neto
997000000.0;1482.0;2;3;3;Vivenda do Sol, piracicaba;Frias Neto
300000000.0;1127.0;0;0;0;Colinas do Piracicaba;Frias Neto
750000000.0;145.91;3;2;4;Centro;Frias Neto
380000000.0;125.0;3;2;2;Vila Rezende;Frias Neto
1490000000.0;250.0;3;2;5;Terras de Piracicaba;Frias Neto
150000000.0;49.14;1;1;1;Centro;Frias Neto
238000000.0;21.3;3;3;3;Nova Piracicaba;Junqueira
1900000000.0;202.0;4;3;4;Alto;Frias Neto
850000000.0;114.3;3;2;3;São Judas;Frias Neto
340000000.0;71.0;3;2;2;Vila Monteiro;Frias Neto
390000000.0;31.7;3;4;3;Alphaville Piracicaba;Junqueira
480000000.0;150.0;3;2;3;Mário Dedini;Frias Neto
290000000.0;88.0;3;1;2;Vila Monteiro;Frias Neto
1050000000.0;400.0;0;6;2;Alemães;Frias Neto
380000000.0;62.36;2;2;2;Paulista;Frias Neto
2200000000.0;769.75;3;2;2;Santa Terezinha;Frias Neto
1190000000.0;250.0;3;3;4;Park Unimep Taquaral;Frias Neto
300000000.0;13.3;0;0;0;Centro;Junqueira
1100000000.0;1000.0;0;0;0;Jatobás (Unileste);Frias Neto
430000000.0;717.5;0;0;0;Glebas Califórnia;Frias Neto
280000000.0;139.3;2;1;2;São Judas;Frias Neto
270000000.0;74.0;2;2;2;Nova América;Frias Neto
850000000.0;151.72;3;2;4;Centro;Frias Neto
420000000.0;182.7;3;2;2;Vila Industrial;Frias Neto
2500000000.0;512.55;0;25;3;Centro;Frias Neto
170000000.0;87.43;0;1;1;Alto;Frias Neto
1300000000.0;723.4;3;4;3;São Judas;Frias Neto
810000000.0;423.0;0;0;0;Vila Monteiro;Frias Neto
4000000000.0;1118.0;4;2;7;Morumbi;Frias Neto
2360000000.0;4532.36;0;0;0;Água Santa;Frias Neto
470000000.0;282.0;3;2;2;Vila Sônia;Frias Neto
450000000.0;114.8;3;1;3;Centro;Frias Neto
400000000.0;336.0;0;0;0;Villa D'Áquila;Frias Neto
250000000.0;120.0;3;2;1;Vila Monteiro;Frias Neto
170000000.0;326.15;0;0;0;Residencial Alto da Boa Vista;Frias Neto
200000000.0;54.0;2;1;1;Água Branca;Frias Neto
14500000000.0;44248.99;0;0;0;Loteamento Distrito Industrial Uninorte;Frias Neto
550000000.0;87.0;3;2;2;Alto;Frias Neto
280000000.0;85.0;0;1;2;Alto;Frias Neto
270000000.0;60.0;2;1;2;Centro;Frias Neto
320000000.0;14000.0;3;1;2;Gleba Califórnia;Frias Neto
1750000000.0;196.0;4;3;5;Jardim Europa;Frias Neto
315000000.0;125.0;2;2;2;Jardim Santa Ignês II;Frias Neto
420000000.0;156.0;3;1;2;Centro;Frias Neto
580000000.0;140.0;3;2;3;São Dimas;Frias Neto
770000000.0;270.45;3;4;2;São Vicente;Frias Neto
600000000.0;113.44;3;2;3;Alto;Frias Neto
3900000000.0;452.31;4;4;5;Alphaville;Frias Neto
290000000.0;80.0;3;1;2;Nova América;Frias Neto
390000000.0;39.6;2;6;1;Condomínio Morada do Engenho;Junqueira
115000000.0;202.75;0;0;0;Taquaral;Frias Neto
380000000.0;146.95;3;1;2;São Dimas;Frias Neto
490000000.0;67.73;2;2;2;Alemães;Frias Neto
130000000.0;268.53;0;0;0;Santa Terezinha;Frias Neto
300000000.0;398.55;0;0;0;Água Branca;Frias Neto
270000000.0;33.4;4;6;4;Terras de Piracicaba III;Junqueira
118000000.0;43.01;2;1;1;Vila Sônia;Frias Neto
850000000.0;227.2;3;2;3;Vila Rezende;Frias Neto
300000000.0;329.03;0;0;0;Pompeia;Frias Neto
570000000.0;193.13;5;2;4;Vilaggio Santa Laura;Frias Neto
215000000.0;200.0;0;0;0;Reserva das Paineiras;Frias Neto
800000000.0;3240.0;0;0;0;Bongue;Junqueira
250000000.0;137.5;2;2;1;Santa Terezinha;Frias Neto
430000000.0;195.98;3;2;3;Jaraguá;Frias Neto
180000000.0;256.0;0;0;0;Ondas do Piracicaba;Frias Neto
490000000.0;108.0;3;2;4;Nova América;Frias Neto
800000000.0;328.56;5;4;4;Centro;Frias Neto
790000000.0;221.04;3;3;4;São Dimas;Frias Neto
7000000000.0;129494.86;0;0;0;Campestre;Frias Neto
1250000000.0;373.51;3;4;4;Alto;Frias Neto
220000000.0;16.7;3;3;3;Jardim Europa;Junqueira
115000000.0;44.55;2;1;1;Pompeia;Frias Neto
180000000.0;54.21;2;1;1;Água Branca;Frias Neto
320000000.0;19600.0;3;0;0;Monte Alegre;Junqueira
200000000.0;45.0;1;1;1;Centro;Frias Neto
450000000.0;1902.0;0;0;0;Park Campestre;Frias Neto
340000000.0;77.0;6;4;5;Colinas do Piracicaba (Ártemis);Junqueira
410000000.0;40.0;0;1;1;Jardim Europa;Frias Neto
165000000.0;54.0;2;1;1;Jardim Parque Jupiá;Frias Neto
230000000.0;53.39;2;1;1;Nova América;Frias Neto
560000000.0;149.0;3;2;3;Alemães;Frias Neto
125000000.0;45.0;2;1;1;Nova América;Frias Neto
535000000.0;336.0;2;3;3;Santa Cecília;Frias Neto
800000000.0;250.0;4;5;4;Vila Prudente;Frias Neto
1400000000.0;402.62;3;4;3;Terras de Piracicaba;Frias Neto
249900000.0;37.5;3;3;3;Park Campestre;Junqueira
3000000000.0;2300.0;4;4;7;Park Campestre;Frias Neto
220000000.0;40.0;4;5;4;Vila Olinda;Junqueira
150000000.0;250.0;0;0;0;Conquista;Frias Neto
950000000.0;200.0;3;2;3;Reserva das Paineiras;Frias Neto
1200000000.0;433.2;4;4;5;Higienópolis;Frias Neto
1250000000.0;400.0;0;6;6;Santa Rosa;Frias Neto
230000000.0;58.0;2;2;2;Dois Córregos;Frias Neto
200000000.0;53.32;2;1;1;Jardim Abaeté;Frias Neto
1750000000.0;420.0;3;4;5;Leão;Frias Neto
360000000.0;108.0;3;2;3;Jardim Elite;Frias Neto
200000000.0;96.0;3;0;2;Vila Rezende;Frias Neto
125000000.0;175.0;0;0;0;Pauliceia;Frias Neto
345000000.0;82.31;3;2;3;Nova América;Frias Neto
390000000.0;180.0;2;1;3;Cidade Alta;Frias Neto
210000000.0;323.0;0;0;0;Novo Campestre;Frias Neto
400000000.0;150.0;4;1;3;Centro, PIRACICABA;Frias Neto
190000000.0;45.0;2;1;1;Jardim São Francisco;Frias Neto
1680000000.0;672.5;5;4;6;Nova Piracicaba;Frias Neto
395000000.0;125.0;3;2;3;Pompeia, piracicaba;Frias Neto
570000000.0;200.0;4;2;4;Campestre;Frias Neto
928000000.0;294.0;4;2;4;Nova Piracicaba;Frias Neto
320000000.0;150.0;3;1;3;Vila Independência;Frias Neto
460000000.0;100.0;3;0;2;Alemães;Frias Neto
95000000.0;44.72;2;1;1;Loteamento Kobayat Líbano;Frias Neto
287500000.0;48.4;4;3;2;Batistada;Junqueira
349000000.0;62.0;2;2;2;Paulista;Frias Neto
750000000.0;86.48;2;2;1;Alto, piracicaba;Frias Neto
400000000.0;531.98;0;0;0;Villa Bela Vista;Frias Neto
2350000000.0;374.0;3;4;3;Reserva do Engenho;Frias Neto
2750000000.0;1025.0;0;0;3;Loteamento Distrito Industrial Uninorte;Frias Neto
249000000.0;99.5;0;0;0;Jardim Elite;Junqueira
320000000.0;69.0;3;1;2;Parque Conceição II;Frias Neto
260000000.0;308.47;0;0;0;Villa Bela Vista;Frias Neto
450000000.0;172.61;3;1;3;Alto;Frias Neto
1380000000.0;317.0;3;4;2;Villa D'Áquila;Frias Neto
1200000000.0;200.0;4;4;4;Ondas;Frias Neto
1080000000.0;462.5;0;0;4;Alemães;Frias Neto
110000000.0;43.0;2;1;1;Vila Sônia;Frias Neto
220000000.0;57.0;2;1;1;Nova América;Frias Neto
540000000.0;98.15;3;2;3;Paulista;Frias Neto
270000000.0;250.0;4;1;3;Jardim Planalto;Frias Neto
450000000.0;235.99;0;1;2;Cidade Alta;Frias Neto
680000000.0;156.03;3;3;4;São Dimas, piracicaba;Frias Neto
495000000.0;183.6;3;1;2;Vila Rezende;Frias Neto
250000000.0;58.05;2;1;1;Campestre;Frias Neto
630000000.0;305.76;4;2;6;Piracicamirim;Frias Neto
380000000.0;175.0;3;2;2;Pompeia;Frias Neto
590000000.0;190.0;0;0;4;Alto;Frias Neto
1750000000.0;185.0;3;4;5;São Judas;Frias Neto
290000000.0;150.0;3;1;2;Pauliceia;Frias Neto
420000000.0;420.5;0;0;0;Damha;Frias Neto
1500000000.0;478.17;3;2;4;Parque Santa Cecília;Frias Neto
140000000.0;35.0;1;1;1;Higienópolis;Frias Neto
850000000.0;260.0;3;2;2;Vila Monteiro;Frias Neto
90000000.0;29.18;1;1;1;Glebas Natalinas;Frias Neto
180000000.0;51.51;2;1;1;Conjunto Habitacional Água Branca;Frias Neto
450000000.0;420.0;0;0;0;Moinho Vermelho;Frias Neto
1650000000.0;561.0;3;5;4;Centro;Frias Neto
220000000.0;48.0;1;1;1;São Dimas;Frias Neto
310000000.0;62.36;2;2;2;Paulista;Frias Neto
160000000.0;45.0;1;1;1;Centro;Frias Neto
120000000.0;203.48;0;0;0;Taquaral;Frias Neto
900000000.0;855.6;2;1;1;Santa Terezinha;Frias Neto
1350000000.0;1155.0;3;4;6;Colinas do Piracicaba;Frias Neto
250000000.0;63.8;0;10;0;Cidade Alta;Junqueira
320000000.0;62.0;2;2;2;Paulista;Frias Neto
275000000.0;179.76;3;2;2;Loteamento São Francisco;Frias Neto
160000000.0;55.0;2;1;1;Maracanã;Frias Neto
450000000.0;360.0;0;0;0;Terras de Piracicaba;Frias Neto
2950000000.0;1540.0;4;6;6;Nova Piracicaba;Frias Neto
155000000.0;44.13;2;1;1;Nova Suíça;Frias Neto
140000000.0;54.7;2;1;1;Nova América;Frias Neto
1020000000.0;212.33;3;4;3;Reserva das Paineiras;Frias Neto
580000000.0;392.0;3;3;3;Nova Piracicaba;Frias Neto
395000000.0;420.0;3;2;2;Vila Independência;Frias Neto
198000000.0;200.0;0;0;0;Reserva das Paineiras;Frias Neto
250000000.0;1022.31;0;0;0;Campestre;Frias Neto
680000000.0;243.0;3;2;2;São Dimas;Frias Neto
130000000.0;35.01;1;1;1;Higienópolis;Frias Neto
580000000.0;657.68;3;1;2;Santa Terezinha;Frias Neto
560000000.0;81.0;2;2;2;São Dimas;Frias Neto
460000000.0;355.0;0;0;0;Cidade Jardim;Frias Neto
280000000.0;250.0;2;1;2;Vila Monteiro;Frias Neto
185000000.0;54.0;2;1;1;Jardim Nova Iguaçú;Frias Neto
400000000.0;50.0;5;6;4;Terras de Piracicaba IV;Junqueira
2180000000.0;370.16;5;2;7;Morato;Frias Neto
700000000.0;830.0;0;0;0;Chácara Esperia;Junqueira
180000000.0;45.05;2;1;1;Jardim São Francisco;Frias Neto
330000000.0;300.0;3;2;1;Vila Monteiro;Frias Neto
330000000.0;390.5;1;0;0;Santa Terezinha;Junqueira
120000000.0;250.0;0;0;0;Residencial Alto da Boa Vista;Frias Neto
361000000.0;379.85;0;0;0;Residencial Portal da Água Branca;Frias Neto
350000000.0;27.8;4;4;4;Nova Piracicaba;Junqueira
1000000000.0;200.0;3;2;3;Reserva das Paineiras;Frias Neto
185000000.0;54.0;2;1;1;Centro;Frias Neto
123000000.0;46.59;2;1;1;Jardim São Francisco;Frias Neto
250000000.0;225.0;3;0;2;Paulista;Frias Neto
240000000.0;38.0;3;4;3;Ondas;Junqueira
330000000.0;125.43;2;2;3;Vila Rezende;Frias Neto
150000000.0;64.47;2;1;1;Nova América;Frias Neto
780000000.0;9680.0;0;0;0;Pau Queimado;Junqueira
468000000.0;182.13;2;1;2;Alto;Frias Neto
350000000.0;405.0;0;0;0;Damha;Frias Neto
270000000.0;200.0;2;2;3;Campestre;Frias Neto
350000000.0;156.0;2;0;2;Centro;Frias Neto
220000000.0;56.35;2;1;1;Parque São Matheus;Frias Neto
320000000.0;131.29;0;1;2;Centro;Frias Neto
249900000.0;74.52;4;0;3;Centro;Frias Neto
440000000.0;126.0;3;1;3;Vila Monteiro;Frias Neto
600000000.0;670.7;0;0;0;Parque Santa Cecília;Frias Neto
175000000.0;54.4;3;1;1;Nova América;Frias Neto
330000000.0;205.5;3;1;3;Centro;Frias Neto
3200000000.0;794.83;5;6;6;Alto;Frias Neto
295000000.0;72.0;2;2;2;Nova América;Frias Neto
360000000.0;175.0;2;2;2;Pompeia;Frias Neto
150000000.0;48.0;2;1;1;Jardim Elite;Frias Neto
800000000.0;125.0;3;2;3;Vila Independência;Frias Neto
340000000.0;114.5;2;2;2;Piracicamirim;Frias Neto
920000000.0;200.0;3;2;4;Convívio São Francisco;Frias Neto
320000000.0;113.6;1;12;0;Centro;Junqueira
950000000.0;1090.0;0;0;0;Dois Córregos ;Frias Neto
290000000.0;67.26;2;1;1;Nova América;Frias Neto
1250000000.0;1099.78;3;2;4;Colinas do Piracicaba;Frias Neto
3000000000.0;340.0;0;0;2;Centro;Frias Neto
1340000000.0;365.0;4;4;3;Alto;Frias Neto
710000000.0;145.91;3;2;3;Centro;Frias Neto
595000000.0;125.0;4;2;3;Glebas Califórnia;Frias Neto
400000000.0;175.0;2;3;2;Terra Rica;Frias Neto
150000000.0;250.0;0;0;0;Vila Nossa Senhora Aparecida;Frias Neto
285000000.0;407.72;0;0;0;Santa Terezinha;Frias Neto
300000000.0;250.0;3;2;2;Algodoal;Frias Neto
130000000.0;53.13;2;1;1;Nova América;Frias Neto
165000000.0;46.5;2;1;1;Jardim São Francisco;Frias Neto
1220000000.0;149.12;3;3;5;Alto;Frias Neto
263000000.0;49.18;2;1;2;Nova América;Frias Neto
195000000.0;54.4;2;1;1;Jardim Nova Iguaçú;Frias Neto
1000000000.0;5644.8;0;0;0;Jardim Residencial Javary II;Junqueira
85000000.0;150.0;0;0;0;Parque Residencial Monte Rey III;Frias Neto
650000000.0;100.0;3;2;3;Paulista;Frias Neto
135000000.0;45.95;2;1;1;Piracicamirim;Frias Neto
1100000000.0;300.0;3;4;4;Terras de Piracicaba;Frias Neto
580000000.0;151.12;3;1;3;Centro;Frias Neto
180000000.0;200.0;0;0;0;Bongue;Frias Neto
950000000.0;262.5;2;2;4;Piracicamirim;Frias Neto
1500000000.0;350.0;3;2;4;Campestre;Frias Neto
380000000.0;138.83;2;2;2;Astúrias;Frias Neto
210000000.0;52.0;2;2;1;Parque São Matheus;Frias Neto
320000000.0;38.9;5;4;5;Terras de Piracicaba;Junqueira
350000000.0;360.0;1;3;2;Loteamento Santa Rosa;Frias Neto
700000000.0;145.0;3;2;4;Centro;Frias Neto
258000000.0;69.0;3;1;2;Pauliceia;Frias Neto
750000000.0;112.0;3;3;3;Centro;Frias Neto
1280000000.0;327.7;0;2;6;Pompeia;Frias Neto
690000000.0;250.0;3;2;3;Vila Monteiro;Frias Neto
135000000.0;56.07;2;1;1;Gleba Califórnia;Frias Neto
423555000.0;830.8;0;0;0;Centro;Junqueira
270000000.0;33.7;4;3;3;Alphaville Piracicaba;Junqueira
150000000.0;45.0;2;1;1;Campestre;Frias Neto
180000000.0;56.0;2;1;1;Jupiá;Frias Neto
240000000.0;54.0;2;1;1;Pauliceia;Frias Neto
718000000.0;200.0;3;2;3;Água Branca;Frias Neto
450000000.0;149.85;3;1;3;Centro;Frias Neto
845000000.0;288.0;4;4;3;Nova Piracicaba;Frias Neto
250000000.0;135.0;2;1;1;Jardim Noiva da Colina;Frias Neto
455000000.0;748.0;0;0;0;Nova Piracicaba;Frias Neto
285000000.0;77.97;2;1;1;Morumbi;Frias Neto
460000000.0;123.6;3;1;3;Vila Monteiro;Frias Neto
415000000.0;75.12;3;1;2;Alto;Frias Neto
450000000.0;828.9;0;0;0;Dois Córregos ;Frias Neto
190000000.0;112.5;2;0;2;Centro;Frias Neto
590000000.0;1100.0;0;0;0;Jardim Parque Jupiá;Junqueira
650000000.0;930.05;0;0;0;Alphanorte;Frias Neto
850000000.0;33865.91;1;0;0;Serrote;Frias Neto
240000000.0;2400.0;0;0;0;Nossa Senhora Aparecida I;Junqueira
205000000.0;577.62;0;0;0;Terras de Ártemis;Frias Neto
250000000.0;58.0;4;8;3;Colinas do Piracicaba (Ártemis);Junqueira
470000000.0;330.0;4;4;2;Vila Rezende;Frias Neto
235000000.0;54.0;2;1;1;Água Branca;Frias Neto
380000000.0;50.0;0;1;1;Alemães;Frias Neto
900000000.0;333.0;3;2;4;Jardim Caxambu;Frias Neto
140000000.0;57.68;2;1;2;Piracicamirim;Frias Neto
300000000.0;83.47;3;1;2;Centro;Frias Neto
220000000.0;26.5;0;5;0;Dois Córregos;Junqueira
350000000.0;69.0;2;1;2;Parque Conceição II;Frias Neto
230000000.0;33.5;3;6;3;Alphaville Piracicaba;Junqueira
115000000.0;250.0;0;0;0;Vale do Sol;Frias Neto
450000000.0;1703.0;3;10;2;Jardim São Francisco;Frias Neto
680000000.0;441.0;0;0;0;Alto;Frias Neto
210000000.0;560.0;0;0;0;Terras de Ártemis;Frias Neto
930000000.0;260.0;3;2;3;Ondas;Frias Neto
310000000.0;83.32;3;2;2;Alto;Frias Neto
230000000.0;79.0;3;1;1;Jardim Caxambu;Frias Neto
145000000.0;45.95;2;1;1;Dois Córregos ;Frias Neto
220000000.0;79.79;2;1;1;São Matheus;Frias Neto
336750000.0;66.7;2;2;2;Pauliceia;Frias Neto
620000000.0;3025.0;0;0;0;Chicó;Junqueira
380000000.0;138.0;3;1;2;São Judas;Frias Neto
320000000.0;72.0;3;1;2;Vila Monteiro;Frias Neto
225000000.0;45.0;2;1;1;Jardim São Francisco;Frias Neto
360000000.0;474.67;0;0;0;Damha;Frias Neto
210000000.0;53.0;2;2;1;Piracicamirim;Frias Neto
580000000.0;100.0;3;2;3;Paulista;Frias Neto
980000000.0;151.0;3;3;5;Alto;Frias Neto
890000000.0;129.04;3;3;5;Vila Independência;Frias Neto
520000000.0;250.0;3;2;2;Vila Rezende;Frias Neto
135000000.0;200.0;0;0;0;Campestre;Frias Neto
450000000.0;170.0;3;2;2;Cidade Alta;Frias Neto
245000000.0;40.9;4;3;4;Monte Alegre;Junqueira
400000000.0;57.8;3;4;3;Água Seca;Junqueira
160000000.0;54.0;2;1;1;Jardim Nova Iguaçú;Frias Neto
300000000.0;86.0;2;1;2;Alto;Frias Neto
320000000.0;413.0;0;0;0;Moinho Vermelho;Frias Neto
270000000.0;73.21;3;1;2;Centro;Frias Neto
410000000.0;42.0;5;12;2;Centro;Junqueira
270000000.0;82.3;2;0;1;São Dimas;Frias Neto
450000000.0;280.0;3;4;1;Vila Monteiro;Frias Neto
320000000.0;154.31;3;2;2;Matão;Frias Neto
170000000.0;72.0;2;1;1;Vila Monteiro;Frias Neto
700000000.0;100.0;3;2;3;Vila Independência;Frias Neto
340000000.0;84.12;3;1;2;Nova América;Frias Neto
600000000.0;165.6;3;2;3;Vila Independência;Frias Neto
995000000.0;200.0;3;2;4;Residencial Mônaco (Água Branca);Frias Neto
460000000.0;157.2;3;2;2;Cidade Jardim;Frias Neto
150000000.0;45.95;2;1;1;Dois Córregos ;Frias Neto
730000000.0;103.38;3;2;3;Alemães;Frias Neto
640000000.0;100.0;3;2;3;Paulista;Frias Neto
280000000.0;47.7;1;1;1;São Dimas;Frias Neto
360000000.0;390.0;0;0;0;Jardim São Francisco;Frias Neto
190000000.0;125.0;3;1;1;Jardim Elite;Frias Neto
130000000.0;175.0;0;0;0;Pauliceia;Frias Neto
1200000000.0;245.0;3;2;3;Park Unimep Taquaral;Frias Neto
155000000.0;60.95;2;0;1;Cidade Alta;Frias Neto
159000000.0;175.0;0;0;0;São Vicente;Frias Neto
950000000.0;140.0;3;3;4;Nova Piracicaba;Frias Neto
330000000.0;44.34;1;1;1;Alto;Frias Neto
750000000.0;200.0;3;2;2;Jardim Belvedere;Frias Neto
220000000.0;55.24;2;1;1;Campestre;Frias Neto
310000000.0;69.0;3;1;2;Parque Conceição;Frias Neto
150000000.0;46.0;2;1;1;Jardim São Francisco;Frias Neto
3500000000.0;827.04;0;0;15;Centro;Frias Neto
270000000.0;99.75;5;1;2;Centro;Frias Neto
1400000000.0;1000.0;3;5;5;Colinas do Piracicaba;Frias Neto
900000000.0;262.5;3;4;5;Santa Cecília;Frias Neto
185000000.0;260.0;0;0;0;Ondas;Frias Neto
1200000000.0;265.2;3;2;5;Dois Córregos ;Frias Neto
260000000.0;60.73;2;1;2;Parque Conceição II;Frias Neto
1680000000.0;360.0;3;4;6;Terras de Piracicaba;Frias Neto
350000000.0;72.0;3;2;2;Nova América;Frias Neto
2000000000.0;163.0;3;3;5;São Dimas;Frias Neto
500000000.0;1104.37;4;5;4;Colinas do Piracicaba;Frias Neto
140000000.0;45.95;2;1;1;Piracicamirim;Frias Neto
700000000.0;307.59;3;2;4;Centro;Frias Neto
140000000.0;102.22;2;1;1;Jardim São Francisco;Frias Neto
3500000000.0;1080.0;4;4;6;Terras de Piracicaba;Frias Neto
900000000.0;240.35;3;2;3;Centro;Frias Neto
350000000.0;39.4;2;6;0;Cidade Alta;Junqueira
420000000.0;127.08;3;1;3;Centro;Frias Neto
250000000.0;457.87;0;0;0;Campos do Conde;Frias Neto
1100000000.0;3555.0;4;3;5;Vila Independência;Frias Neto
450000000.0;42.43;0;1;1;Cidade Alta;Frias Neto
2300000000.0;5400.0;0;0;0;Jardim Caxambu;Frias Neto
796000000.0;300.0;3;4;2;Nova Piracicaba;Frias Neto
238000000.0;83.09;2;1;2;Morumbi;Frias Neto
1080000000.0;250.0;3;2;5;Terras de Piracicaba;Frias Neto
320000000.0;69.54;3;1;2;Parque Conceição II;Frias Neto
180000000.0;55.0;2;1;1;Campestre;Frias Neto
850000000.0;302.0;0;3;3;Centro;Frias Neto
190000000.0;57.0;2;2;2;Piracicamirim;Frias Neto
335000000.0;170.0;3;3;2;Centro;Frias Neto
450000000.0;192.42;3;2;3;Nova América;Frias Neto
2000000000.0;551.39;4;6;4;Centro;Frias Neto
230000000.0;25.0;3;5;3;Centro;Junqueira
1480000000.0;508.0;4;4;4;Cidade Jardim;Frias Neto
1270000000.0;251.25;4;3;3;Leão;Frias Neto
2950000000.0;1390.81;0;0;0;Água Santa;Frias Neto
360000000.0;38.8;3;6;2;Campestre;Junqueira
1150000000.0;341.0;4;4;6;Cidade Jardim;Frias Neto
390000000.0;182.0;0;10;0;Santa Terezinha;Junqueira
610000000.0;225.69;3;2;3;Residencial Nova Água Branca II;Frias Neto
320000000.0;397.0;0;0;0;Reserva do Engenho;Frias Neto
510000000.0;297.0;1;3;3;Pombeva;Frias Neto
16500000000.0;1000.0;0;0;0;Alemães;Frias Neto
350000000.0;134.36;3;2;2;Paulista;Frias Neto
430000000.0;122.41;3;1;3;Centro;Frias Neto
765400000.0;379.2;3;2;4;Paulista;Frias Neto
1780000000.0;1320.0;0;0;0;Nova América;Frias Neto
830000000.0;433.0;4;4;4;Bongue;Frias Neto
740000000.0;175.0;3;2;2;Água Branca;Frias Neto
285000000.0;76.46;3;1;2;Centro;Frias Neto
1200000000.0;518.5;3;4;4;Cidade Jardim;Frias Neto
245000000.0;257.62;0;0;0;Residencial Portal da Água Branca;Frias Neto
200000000.0;101.52;2;1;1;Gleba Califórnia;Frias Neto
310000000.0;125.0;2;2;2;Pompeia;Frias Neto
590000000.0;210.0;4;2;3;Parque Conceição;Frias Neto
990000000.0;218.5;0;2;3;Vila Rezende;Frias Neto
210000000.0;55.0;2;1;1;Jardim Nova Iguaçú;Frias Neto
225000000.0;301.37;0;0;0;Pauliceia;Frias Neto
175000000.0;46.0;2;1;1;Santa Terezinha;Frias Neto
920000000.0;129.0;3;4;5;Vila Independência;Frias Neto
454200000.0;227.0;0;0;0;Piracicamirim;Junqueira
280000000.0;58.0;3;4;3;Park Campestre;Junqueira
250000000.0;100.0;0;10;0;Piracicamirim;Junqueira
450000000.0;250.0;3;2;4;Garças;Frias Neto
275000000.0;62.0;2;2;2;Gleba Califórnia;Frias Neto
270000000.0;360.0;0;0;0;Reserva do Engenho;Frias Neto
140000000.0;52.0;2;1;1;Vale do Sol;Frias Neto
600000000.0;411.0;0;0;0;Centro;Frias Neto
1900000000.0;202.0;3;4;4;Jardim Europa;Frias Neto
250000000.0;368.87;0;0;0;Park Unimep Taquaral;Frias Neto
360000000.0;75.0;0;1;2;Alto;Frias Neto
1300000000.0;307.11;4;4;4;Terras de Piracicaba;Frias Neto
1600000000.0;331.59;3;3;5;Villa Bela Vista;Frias Neto
630000000.0;300.0;3;2;3;Vila Independência;Frias Neto
170000000.0;54.0;2;1;1;Jardim Nova Iguaçú;Frias Neto
890000000.0;139.0;0;2;2;São Dimas;Frias Neto
1300000000.0;336.63;3;2;3;Santa Cecília;Frias Neto
360000000.0;81.89;2;1;2;Centro;Frias Neto
310000000.0;82.35;3;1;2;Piracicamirim;Frias Neto
430000000.0;250.0;3;2;3;Jardim Monumento;Frias Neto
240000000.0;30.0;4;2;1;Villa Bela Vista;Junqueira
350000000.0;51.0;1;1;1;Vila Independência;Frias Neto
2300000000.0;750.0;5;6;7;Terras do Engenho;Frias Neto
149000000.0;48.0;2;1;1;Piracicamirim;Frias Neto
100000000.0;160.8;0;0;0;Mário Dedini;Frias Neto
1370000000.0;365.0;4;4;3;Alto;Frias Neto
1330000000.0;360.0;3;2;4;Villa Bela Vista;Frias Neto
1100000000.0;2215.0;3;6;4;Santa Rita;Frias Neto
300000000.0;70.0;2;1;2;Centro;Frias Neto
240000000.0;54.0;2;1;1;Água Branca;Frias Neto
160000000.0;56.34;2;1;1;Glebas Califórnia;Frias Neto
550000000.0;191.25;3;1;3;São Dimas;Frias Neto
550000000.0;98.0;3;2;2;Paulista;Frias Neto
750000000.0;260.0;3;3;5;Vila Monteiro;Frias Neto
710000000.0;200.0;3;4;3;Reserva das Paineiras;Frias Neto
260000000.0;298.55;0;0;0;Jardim Califórnia;Frias Neto
127000000.0;45.95;2;1;1;Piracicamirim;Frias Neto
850000000.0;116.0;3;3;2;São Judas;Frias Neto
155000000.0;61.46;2;1;1;Nova América;Frias Neto
490000000.0;250.0;3;2;2;Jardim Monumento;Frias Neto
300000000.0;166.4;32;20;0;Centro;Junqueira
400000000.0;2251.3;0;0;0;Itaperu;Junqueira
110000000.0;135.17;2;1;1;Pompeia;Frias Neto
550000000.0;157.0;3;2;3;Cidade Jardim;Frias Neto
200000000.0;49.95;2;1;1;Centro;Frias Neto
170000000.0;50.9;2;1;1;Conjunto Habitacional Água Branca;Frias Neto
650000000.0;175.0;3;2;3;Residencial Nova Água Branca II;Frias Neto
290000000.0;87.0;2;2;1;Nova América;Frias Neto
160000000.0;42.05;0;1;1;Alto;Frias Neto
215000000.0;75.0;3;1;2;Higienópolis;Frias Neto
185000000.0;45.0;2;1;1;Jardim São Francisco;Frias Neto
222000000.0;1600.0;0;0;0;Vila Industrial;Junqueira
550000000.0;3198.0;0;0;0;Santa Rita;Frias Neto
240000000.0;250.0;2;2;3;Paulista;Frias Neto
400000000.0;434.78;0;0;0;Damha;Frias Neto
260000000.0;46.0;1;1;1;Centro;Frias Neto
1490000000.0;376.26;3;2;2;Villa Bela Vista;Frias Neto
418000000.0;381.0;0;8;2;Santa Rosa;Frias Neto
680000000.0;256.0;3;2;3;Dois Córregos;Frias Neto
185000000.0;245.0;0;0;0;Park Unimep Taquaral;Frias Neto
450000000.0;620.0;0;0;0;Nova Piracicaba;Frias Neto
265000000.0;338.35;2;3;1;Jaraguá;Frias Neto
259000000.0;28.0;3;4;3;Monte Alegre;Junqueira
200000000.0;525.0;0;0;0;Terras de Ártemis;Frias Neto
230000000.0;50.0;5;10;2;Colinas do Piracicaba (Ártemis);Junqueira
199000000.0;54.4;2;1;1;Jardim Nova Iguaçú;Frias Neto
350000000.0;160.0;3;1;3;Residencial Serra Verde;Frias Neto
580000000.0;250.0;3;2;4;Jardim Abaeté;Frias Neto
360000000.0;70.0;3;2;2;Água Branca;Frias Neto
240000000.0;58.05;2;1;1;Campestre;Frias Neto
198000000.0;83.0;2;1;2;Morumbi;Frias Neto
1670000000.0;2756.65;0;0;0;Parque Residencial Monte Rey III;Frias Neto
700000000.0;167.94;0;3;4;Piracicamirim;Frias Neto
1100000000.0;274.0;3;3;6;Centro;Frias Neto
1390000000.0;3277.5;2;4;3;Santa Rita;Frias Neto
1300000000.0;360.0;3;2;3;Terras de Piracicaba;Frias Neto
2320000000.0;478.7;3;4;5;Alphaville;Frias Neto
730000000.0;395.0;3;3;4;Areião;Frias Neto
175000000.0;45.95;2;2;1;Dois Córregos ;Frias Neto
260000000.0;40.0;4;5;4;Campestre;Junqueira
218000000.0;228.75;0;0;0;Residencial Portal da Água Branca;Frias Neto
217000000.0;67.0;3;1;1;Alto;Frias Neto
1220000000.0;210.0;3;2;4;Lazúli Club;Frias Neto
310000000.0;49.7;4;6;4; Terras de Ártemis;Junqueira
190000000.0;200.0;0;0;0;Água Branca;Frias Neto
1450000000.0;430.72;3;3;6;Damha;Frias Neto
1500000000.0;231.0;0;2;6;Centro;Frias Neto
198000000.0;45.0;2;1;1;Jardim São Francisco;Frias Neto
950000000.0;255.0;3;2;4;Parque Conceição II;Frias Neto
2500000000.0;5119.14;0;0;0;Dois Córregos ;Frias Neto
1200000000.0;348.0;3;4;4;Novo Campestre;Frias Neto
1000000000.0;170.0;0;4;2;Centro;Frias Neto
1050000000.0;200.0;3;2;3;Reserva das Paineiras;Frias Neto
320000000.0;72.0;3;2;2;Nova América;Frias Neto
450000000.0;466.4;4;4;8;Residencial Serra Verde;Frias Neto
195000000.0;57.0;2;1;1;Nova América;Frias Neto
620000000.0;1840.0;0;0;0;Park Campestre;Frias Neto
95000000.0;150.0;0;0;0;Parque Residencial Monte Rey III;Frias Neto
250000000.0;40.0;1;1;1;São Dimas;Frias Neto
410000000.0;112.88;3;1;3;Centro;Frias Neto
490000000.0;257.58;0;2;2;Vila Sônia;Frias Neto
140000000.0;41.0;1;1;1;Centro;Frias Neto
195000000.0;356.5;0;0;0;Santa Rosa;Frias Neto
215000000.0;322.0;0;0;0;Santa Rosa;Frias Neto
199000000.0;54.21;2;1;1;Água Branca;Frias Neto
400000000.0;184.61;0;0;1;Parque Conceição II;Frias Neto
230000000.0;55.42;2;1;1;Campestre;Frias Neto
260000000.0;69.91;3;1;2;Centro;Frias Neto
320000000.0;83.0;2;1;2;Centro;Frias Neto
480000000.0;191.1;3;2;3;Vila Monteiro;Frias Neto
210000000.0;240.0;0;0;0;Vila Independência;Frias Neto
560000000.0;187.0;3;2;3;Residencial Nova Água Branca II;Frias Neto
500000000.0;53.67;0;0;1;Alto;Frias Neto
230000000.0;150.0;2;2;1;Chapadão;Frias Neto
265000000.0;79.79;3;1;2;Centro;Frias Neto
300000000.0;200.0;1;3;2;Vila Independência;Frias Neto
160000000.0;51.0;2;1;1;Piracicamirim;Frias Neto
590000000.0;600.0;3;4;3;Jardim Nova Iguaçú;Frias Neto
830000000.0;250.0;3;2;4;Jardim Brasília;Frias Neto
340000000.0;71.86;2;1;2;Vila Monteiro;Frias Neto
3800000000.0;467.93;3;4;5;Alphaville;Frias Neto
130000000.0;45.0;2;1;1;Nova Pompéia;Frias Neto
550000000.0;239.09;3;2;2;Centro;Frias Neto
200000000.0;79.04;3;1;2;Caxambú;Frias Neto
1200000000.0;250.0;3;4;5;Morato;Frias Neto
260000000.0;250.0;0;0;0;Villa D'Italia;Frias Neto
950000000.0;351.0;16;1;15;Vila Independência;Frias Neto
200000000.0;69.48;3;1;2;Pauliceia;Frias Neto
205000000.0;55.33;2;1;1;Dois Córregos ;Frias Neto
150000000.0;53.45;2;1;1;Vale do Sol;Frias Neto
210000000.0;55.33;2;1;1;Dois Córregos ;Frias Neto
90000000.0;185.5;0;0;0;Jardim dos Manacás;Frias Neto
160000000.0;175.0;0;0;0;Jardim Esplanada;Frias Neto
1100000000.0;708.0;4;4;3;Nova Piracicaba;Frias Neto
420000000.0;77.07;3;1;2;Paulista;Frias Neto
2000000000.0;1099.0;0;0;3;Campestre;Frias Neto
250000000.0;99.5;3;1;2;Centro;Frias Neto
720000000.0;352.0;0;2;3;Centro;Frias Neto
285000000.0;43.0;4;4;4;Monte Alegre;Junqueira
650000000.0;128.0;3;3;2;Vila Monteiro;Frias Neto
1150000000.0;250.0;3;3;5;Nova Piracicaba;Frias Neto
220000000.0;33.0;1;11;0;Jardim Europa;Junqueira
1200000000.0;290.0;4;3;5;Higienópolis;Frias Neto
600000000.0;457.39;0;0;0;Parque Conceição;Frias Neto
380000000.0;138.61;3;1;2;Centro;Frias Neto
170000000.0;245.12;0;0;0;Pompeia;Frias Neto
970000000.0;230.0;3;2;4;Centro;Frias Neto
155000000.0;65.3;2;1;1;Vila Monteiro;Frias Neto
1150000000.0;600.0;10;5;5;Cidade Alta;Frias Neto
550000000.0;250.0;0;2;2;Jardim Monumento;Frias Neto
520000000.0;197.0;3;2;3;São Dimas;Frias Neto
330000000.0;66.0;2;2;2;Pauliceia;Frias Neto
600000000.0;247.0;3;2;3;Paulista;Frias Neto
215000000.0;67.8;3;1;1;Alto;Frias Neto
650000000.0;4000.0;0;0;0;Campestre;Junqueira
600000000.0;500.0;11;8;9;Ártemis;Frias Neto
1100000000.0;286.5;0;80;0;Jardim Pacaembu;Junqueira
300000000.0;150.0;3;1;3;Parque Residencial Monte Rey;Frias Neto
640000000.0;79.0;2;2;2;São Dimas;Frias Neto
370000000.0;377.3;0;0;0;Damha;Frias Neto
999000000.0;400.0;3;3;3;Vila Independência;Frias Neto
450000000.0;125.0;3;2;2;Santa Rosa;Frias Neto
660000000.0;425.0;0;0;4;Vila Monteiro;Frias Neto
750000000.0;185.0;3;4;3;Villagio Verde;Frias Neto
148000000.0;45.0;2;1;1;Santa Terezinha;Frias Neto
1090000000.0;280.0;3;4;4;Reserva das Paineiras;Frias Neto
669000000.0;127.31;3;2;2;Jardim Elite;Frias Neto
238000000.0;125.0;2;1;1;Jardim Astúrias II;Frias Neto
1300000000.0;450.0;4;4;7;Vila Verde;Frias Neto
1450000000.0;482.07;4;4;4;Terras de Piracicaba;Frias Neto
135000000.0;55.0;2;1;1;Gleba Califórnia;Frias Neto
300000000.0;100.0;0;0;0;Santa Terezinha;Junqueira
400000000.0;392.0;0;0;0;Damha;Frias Neto
490000000.0;250.0;2;3;2;Jardim São Francisco;Frias Neto
1385000000.0;300.0;3;4;4;Residencial São Luiz;Frias Neto
2750000000.0;1022.52;0;0;0;Água Santa;Frias Neto
550000000.0;150.0;3;2;2;Vila Rezende;Frias Neto
700000000.0;8585.2;0;0;0;Pau Queimado;Junqueira
600000000.0;116.48;0;0;0;Cidade Alta;Frias Neto
165000000.0;45.95;2;1;1;Piracicamirim;Frias Neto
400000000.0;447.0;0;0;2;Santa Rosa;Frias Neto
195000000.0;72.44;2;1;1;Jardim Ipanema;Frias Neto
220000000.0;52.95;2;1;1;Parque São Matheus;Frias Neto
2000000000.0;504.0;0;0;0;Piracicamirim;Frias Neto
320000000.0;74.0;3;2;2;Gleba Califórnia;Frias Neto
1300000000.0;278.34;4;3;5;Alto;Frias Neto
710000000.0;342.99;0;2;3;Centro (Ártemis);Frias Neto
1750000000.0;450.0;2;4;2;Alphaville Piracicaba;Frias Neto
250000000.0;36.0;1;1;1;Alto;Frias Neto
590000000.0;508.0;3;4;2;Nova Piracicaba;Frias Neto
540000000.0;3191.5;0;0;0;Santa Rita;Frias Neto
1200000000.0;429.0;4;10;4;Cidade Alta;Frias Neto
290000000.0;54.0;2;2;2;Pauliceia;Frias Neto
480000000.0;320.76;5;2;3;Pauliceia;Frias Neto
270000000.0;378.6;0;0;0;Ondas;Frias Neto
900000000.0;411.0;3;5;3;Taquaral;Frias Neto
145000000.0;247.5;0;0;0;Campestre;Frias Neto
139000000.0;45.57;1;0;1;Centro;Frias Neto
400000000.0;187.55;3;2;4;Piracicamirim;Frias Neto
1200000000.0;500.0;0;1;7;Vila Rezende;Frias Neto
220000000.0;60.0;3;4;3;Convívio Bonnevie;Junqueira
233000000.0;23.9;3;4;3;Alphaville Piracicaba;Junqueira
595000000.0;275.0;2;2;2;Higienópolis;Frias Neto
350000000.0;172.61;3;1;3;Alto;Frias Neto
235000000.0;26.5;3;3;3;Ondas;Junqueira
750000000.0;395.69;3;2;2;Chamonix;Frias Neto
270000000.0;200.0;3;2;2;Santa Terezinha;Frias Neto
160000000.0;46.0;2;1;1;Piracicamirim;Frias Neto
1300000000.0;1560.0;0;0;0;Dois Córregos;Junqueira
3500000000.0;594.0;0;0;4;São Dimas;Frias Neto
495000000.0;430.0;3;2;2;Vila Rezende;Frias Neto
155000000.0;45.0;2;1;1;Dois Córregos ;Frias Neto
130000000.0;191.62;0;0;0;Loteamento Humberto Venturini;Frias Neto
1500000000.0;404.95;4;2;2;Centro;Frias Neto
295000000.0;95.0;3;1;2;Jardim Elite;Frias Neto
93000000.0;212.0;0;0;0;Campos do Conde;Frias Neto
1950000000.0;261.0;4;4;6;Centro;Frias Neto
230000000.0;255.0;0;0;0;Jardim São Francisco;Frias Neto
250000000.0;46.4;4;6;4;Park Campestre;Junqueira
120000000.0;48.52;2;1;1;Santa Terezinha;Frias Neto
130000000.0;51.53;2;1;1;Dois Córregos ;Frias Neto
1230000000.0;330.0;3;2;2;Villa Bela Vista;Frias Neto
130000000.0;220.0;0;0;0;Campestre;Frias Neto
2800000000.0;1000.0;3;4;6;Park Campestre;Frias Neto
990000000.0;589.5;4;4;4;Nova Piracicaba;Frias Neto
190000000.0;93.84;2;1;1;Alto;Frias Neto
700000000.0;234.6;4;2;3;Centro;Frias Neto
380000000.0;84.11;3;1;2;Centro;Frias Neto
240000000.0;24.6;3;4;3;Centro;Junqueira
2200000000.0;163.0;3;3;5;São Dimas;Frias Neto
220000000.0;40.56;0;1;1;Santa Rosa;Frias Neto
820000000.0;360.0;3;2;4;Parque Santa Cecília;Frias Neto
800000000.0;1000.0;3;3;2;Park Campestre;Frias Neto
200000000.0;289.05;0;0;0;Ondas;Frias Neto
1600000000.0;167.31;3;3;3;Jardim Europa;Frias Neto
440000000.0;157.2;3;2;3;Jardim Europa;Frias Neto
475000000.0;239.55;3;2;4;Higienópolis;Frias Neto
350000000.0;250.0;2;3;2;Conquista;Frias Neto
690000000.0;135.0;4;4;3;Vila Rezende;Frias Neto
380000000.0;405.0;0;0;0;Damha;Frias Neto
245000000.0;200.0;2;2;1;Cecap;Frias Neto
650000000.0;243.9;3;2;4;Centro;Frias Neto
800000000.0;125.6;0;0;0;Centro;Junqueira
400000000.0;200.0;3;2;3;Reserva das Paineiras;Frias Neto
430000000.0;150.03;3;1;3;Pauliceia;Frias Neto
490000000.0;159.8;3;2;4;Centro;Frias Neto
130000000.0;34.0;1;1;1;Higienópolis;Frias Neto
560000000.0;360.0;0;0;1;Cidade Alta;Frias Neto
1590000000.0;336.0;3;4;5;Santa Rosa;Frias Neto
540000000.0;132.05;0;0;3;Centro;Frias Neto
1650000000.0;408.57;4;4;5;Reserva do Engenho;Frias Neto
1800000000.0;360.0;3;4;5;Villa Bela Vista;Frias Neto
250000000.0;72.0;3;1;2;Nova América;Frias Neto
415000000.0;200.0;5;2;4;Terra Rica;Frias Neto
150000000.0;290.0;1;1;1;Jardim Ibirapuera;Frias Neto
150000000.0;56.42;2;1;1;Glebas Califórnia;Frias Neto
320000000.0;145.0;2;1;1;Cidade Alta;Frias Neto
425000000.0;113.0;3;1;1;São Judas;Frias Neto
120000000.0;125.0;0;0;0;Vila Rezende;Frias Neto
750000000.0;229.2;3;3;2;Cidade Alta;Frias Neto
700000000.0;250.0;3;3;3;Noiva da Colina;Frias Neto
340000000.0;125.0;2;2;1;Jardim Nova Iguaçú;Frias Neto
720000000.0;232.5;2;2;3;Dois Córregos;Frias Neto
1285000000.0;303.55;3;2;3;Santa Rosa;Frias Neto
340000000.0;37.6;4;4;4;Morato;Junqueira
500000000.0;107.24;3;2;4;Nova América;Frias Neto
469999000.0;376.73;0;0;0;Damha;Frias Neto
220000000.0;35.0;4;2;3;Ondas;Junqueira
300000000.0;116.0;2;1;1;Pauliceia;Frias Neto
340000000.0;86.0;3;1;2;Alemães;Frias Neto
569000000.0;149.1;4;2;3;Jardim Petrópolis;Frias Neto
355000000.0;250.0;3;2;3;Pauliceia;Frias Neto
230000000.0;55.0;2;1;1;Pompeia;Frias Neto
470000000.0;193.6;4;1;3;Alto;Frias Neto
495000000.0;125.0;3;2;3;Castelinho;Frias Neto
179000000.0;45.0;2;1;1;Vila Verde;Frias Neto
440000000.0;1000.0;0;0;0;Park Campestre;Frias Neto
300000000.0;67.0;5;3;5;Park Campestre;Junqueira
580000000.0;250.0;3;2;3;Castelinho;Frias Neto
420000000.0;416.0;4;2;2;Paulista;Frias Neto
440000000.0;80.0;3;2;1;Santa Cecília;Frias Neto
2100000000.0;732.43;0;0;5;Alto;Frias Neto
340000000.0;208.86;4;0;2;Centro;Frias Neto
1500000000.0;500.0;60;0;60;Vila Independência;Junqueira
1600000000.0;405.0;3;4;5;Damha;Frias Neto
2900000000.0;1079.5;3;6;6;Moinho Vermelho;Frias Neto
320000000.0;186.0;2;2;2;Piracicamirim;Frias Neto
450000000.0;250.0;0;2;2;Piracicamirim;Frias Neto
270000000.0;200.06;3;0;1;Higienópolis;Frias Neto
220000000.0;70.0;2;2;2;Alto;Frias Neto
390000000.0;300.0;2;1;1;Nova América;Frias Neto
200000000.0;127.26;3;1;2;Vila Prudente;Frias Neto
330000000.0;1000.0;0;0;0;Park Campestre;Frias Neto
470000000.0;260.0;3;3;2;Santa Terezinha;Frias Neto
1200000000.0;331.49;3;4;4;Terras de Piracicaba;Frias Neto
420000000.0;140.84;2;2;1;Vila Independência;Frias Neto
430000000.0;45.0;4;0;4;Monte Alegre;Junqueira
255000000.0;70.0;2;1;2;Centro;Frias Neto
1800000000.0;375.0;3;2;5;Ondas;Frias Neto
340000000.0;86.09;3;1;2;Alto;Frias Neto
250000000.0;83.09;2;1;1;Morumbi;Frias Neto
195000000.0;52.95;2;2;1;Parque São Matheus;Frias Neto
400000000.0;105.62;3;1;3;Centro;Frias Neto
260000000.0;1208.7;0;0;0;Chácaras União;Frias Neto
795000000.0;171.0;3;2;3;Vila Rezende;Frias Neto
450000000.0;135.6;0;0;0;Centro;Junqueira
450000000.0;2000.0;0;0;0;Ondinhas;Frias Neto
1100000000.0;221.16;4;3;5;Alto;Frias Neto
280000000.0;76.0;2;1;2;Vila Monteiro, PIRACICABA;Frias Neto
320000000.0;40.0;4;0;4;Terras de Piracicaba;Junqueira
600000000.0;360.0;10;2;8;Jardim Vila Verde;Frias Neto
255000000.0;32.6;3;4;0;Centro;Junqueira
320000000.0;40.0;5;6;3;Cidade Alta;Junqueira
240000000.0;72.2;3;1;2;Caxambú;Frias Neto
1100000000.0;350.0;3;2;3;Park Unimep Taquaral;Frias Neto
220000000.0;2600.0;0;0;0;Loteamento Jardim Santa Maria;Junqueira
380000000.0;200.0;2;2;2;Campos do Conde;Frias Neto
320000000.0;45.0;3;3;3;Park Campestre;Junqueira
160000000.0;45.95;2;2;1;Piracicamirim;Frias Neto
420000000.0;179.4;4;1;3;Paulista;Frias Neto
250000000.0;43.1;4;3;3;Vila Rezende;Junqueira
155000000.0;45.0;2;1;1;Pompeia;Frias Neto
165000000.0;200.0;0;0;0;Residencial Mônaco (Água Branca);Frias Neto
300000000.0;69.54;3;1;2;Parque Conceição II;Frias Neto
150000000.0;54.0;2;1;1;Jardim Nova Iguaçú;Frias Neto
160000000.0;60.0;2;0;1;Centro;Frias Neto
1040000000.0;332.0;8;7;8;São Judas;Frias Neto
1500000000.0;333.0;3;2;5;Ondas;Frias Neto
1800000000.0;2260.34;4;3;8;Colinas do Piracicaba;Frias Neto
200000000.0;175.0;1;0;1;Vila Sônia;Frias Neto
1200000000.0;250.0;3;2;4;Taquaral;Frias Neto
287500000.0;0.0;4;2;2;Batistada;Junqueira
1035000000.0;250.0;3;2;4;Villa D'Italia;Frias Neto
360000000.0;113.5;2;1;3;Vila Rezende;Frias Neto
310000000.0;135.0;2;2;1;Santa Terezinha;Frias Neto
430000000.0;366.27;0;0;0;Villa D'Áquila;Frias Neto
280000000.0;125.0;0;2;2;Dois Córregos ;Frias Neto
800000000.0;320.0;1;0;0;Unileste;Junqueira
1500000000.0;1779.64;3;4;3;Dois Córregos ;Frias Neto
450000000.0;565.84;0;0;0;Parque Conceição II;Frias Neto
255000000.0;360.0;0;0;0;Loteamento Residencial Reserva do Engenho;Frias Neto
1250000000.0;1100.0;3;6;3;Vila Verde;Frias Neto
250000000.0;54.28;2;1;1;Pauliceia;Frias Neto
748000000.0;350.0;3;3;2;Vila Rezende;Frias Neto
380000000.0;31.2;0;0;0;Centro;Junqueira
255000000.0;74.0;2;2;2;Nova América;Frias Neto
180000000.0;49.23;1;1;1;Nova América;Frias Neto
196000000.0;275.0;0;0;0;Ondas;Frias Neto
130000000.0;34.0;1;1;1;Cidade Alta;Frias Neto
290000000.0;69.91;2;2;2;Centro;Frias Neto
350000000.0;586.5;0;0;0;Santa Rosa;Frias Neto
585000000.0;517.7;0;0;0;Monte Alegre;Frias Neto
630000000.0;300.0;3;3;2;Vila Independência;Frias Neto
360000000.0;208.0;3;3;3;Água Branca;Frias Neto
420000000.0;1004.5;0;0;0;Santa Rita;Frias Neto
700000000.0;156.0;3;3;4;São Dimas, piracicaba;Frias Neto
380000000.0;210.7;1;2;2;Campos do Conde;Frias Neto
140000000.0;45.0;2;1;1;Dois Córregos ;Frias Neto
115000000.0;45.95;2;1;1;Piracicamirim;Frias Neto
330000000.0;77.58;2;2;2;Vila Independência;Frias Neto
830000000.0;103.0;3;2;3;Alto;Frias Neto
130000000.0;54.7;2;1;1;Nova América;Frias Neto
2500000000.0;1780.66;0;0;0;Pauliceia;Frias Neto
185000000.0;250.0;0;0;0;Park Unimep Taquaral;Frias Neto
350000000.0;89.49;3;2;2;Vila Monteiro;Frias Neto
130000000.0;46.0;2;1;1;Santa Terezinha;Frias Neto
450000000.0;253.8;3;2;1;Alto;Frias Neto
300000000.0;126.0;3;1;2;Centro;Frias Neto
680000000.0;374.0;0;5;5;Vila Independência;Frias Neto
155000000.0;54.0;2;1;1;Jardim Nova Iguaçú;Frias Neto
1000000000.0;274.0;3;3;5;Centro;Frias Neto
1350000000.0;309.45;3;4;3;Santa Rosa;Frias Neto
290000000.0;26.9;4;4;4;Condomínio Residencial Praças da França;Junqueira
595000000.0;200.0;3;2;3;Loteamento São Francisco;Frias Neto
700000000.0;500.0;0;0;0;Algodoal;Frias Neto
250000000.0;935.05;0;0;0;São Jorge;Frias Neto
650000000.0;406.55;3;1;1;Centro;Frias Neto
320000000.0;125.0;3;2;2;Vila Rezende;Frias Neto
456000000.0;430.72;0;0;0;Damha;Frias Neto
240000000.0;34.1;5;4;5;Santa Rosa;Junqueira
235000000.0;81.0;2;1;1;Parque Residencial Piracicaba;Frias Neto
320000000.0;47.1;4;3;4;Centro;Junqueira
255000000.0;82.0;0;0;0;São Dimas;Frias Neto
280000000.0;104.0;1;1;3;Centro;Frias Neto
260000000.0;140.0;2;2;1;Bertolin;Frias Neto
350000000.0;125.72;2;2;1;Piracicamirim;Frias Neto
380000000.0;165.0;0;0;0;Pauliceia;Frias Neto
1800000000.0;332.5;0;0;4;Centro;Frias Neto
1200000000.0;3390.0;0;0;0;Glebas Califórnia;Frias Neto
1500000000.0;360.0;4;4;5;Reserva do Engenho;Frias Neto
330000000.0;65.0;2;1;2;Parque Santa Cecília;Frias Neto
1800000000.0;250.0;0;4;2;Nova Piracicaba;Frias Neto
510000000.0;182.7;3;2;3;São Vicente;Frias Neto
225000000.0;24.5;4;4;4;Centro;Junqueira
490000000.0;455.0;6;2;4;Jaraguá;Frias Neto
2750000000.0;1002.18;0;0;3;Água Santa;Frias Neto
325000000.0;539.86;0;0;0;Taquaral;Frias Neto
700000000.0;250.0;3;2;3;Castelinho;Frias Neto
635000000.0;99.0;3;2;3;Paulista;Frias Neto
760000000.0;145.91;3;3;4;Centro;Frias Neto
650000000.0;450.0;8;5;3;Alemães;Frias Neto
550000000.0;108.78;3;2;3;Alto;Frias Neto
520000000.0;108.0;3;2;2;Nova América;Frias Neto
900000000.0;362.9;0;0;2;Higienópolis;Frias Neto
370000000.0;56.2;4;5;4;Centro;Junqueira
1500000000.0;810.0;0;0;0;Vila Pacaembu;Frias Neto
270000000.0;77.0;3;1;2;Alto;Frias Neto
560000000.0;86.0;2;2;3;Alemães;Frias Neto
472000000.0;721.46;0;0;0;São Matheus;Frias Neto
2190000000.0;553.0;3;3;2;Morada do Engenho;Frias Neto
300000000.0;140.0;2;2;1;Jardim Califórnia;Frias Neto
310000000.0;200.0;2;3;3;Vila Industrial;Frias Neto
750000000.0;467.85;3;3;2;Centro;Frias Neto
165000000.0;41.21;1;1;1;São Judas;Frias Neto
580000000.0;43560.0;0;0;0;Canal Torto;Junqueira
220000000.0;63.49;3;1;1;Alto;Frias Neto
220000000.0;168.0;0;0;2;Higienópolis;Frias Neto
680000000.0;2081.0;1;1;0;Água Branca;Junqueira
170000000.0;65.0;3;1;1;Pauliceia;Frias Neto
400000000.0;377.0;0;0;0;Damha;Frias Neto
450000000.0;187.0;2;3;2;Vila Monteiro;Frias Neto
1500000000.0;455.0;3;3;8;Centro;Frias Neto
250000000.0;250.0;0;0;0;Santa Cecília;Frias Neto
1790000000.0;163.0;3;3;3;São Dimas;Frias Neto
195000000.0;126.0;2;0;1;Santa Terezinha;Frias Neto
640000000.0;150.0;3;2;4;Astúrias;Frias Neto
150000000.0;175.0;0;0;0;Parque Conceição;Frias Neto
690000000.0;187.36;3;2;4;Alto;Frias Neto
435000000.0;66.0;2;2;2;Vila Independência;Frias Neto
300000000.0;162.87;3;1;1;Centro;Frias Neto
590000000.0;153.75;0;1;5;Cidade Alta;Frias Neto
2300000000.0;433.5;0;4;12;Alto;Frias Neto
370000000.0;40.1;3;0;1;Morato;Junqueira
2500000000.0;817.0;5;6;5;Damha;Frias Neto
390000000.0;91.0;3;2;3;Centro;Frias Neto
3900000000.0;2145.0;4;4;8;Bonne Vie;Frias Neto
280000000.0;87.99;3;1;3;Vila Monteiro;Frias Neto
140000000.0;84.86;2;0;1;Centro;Frias Neto
230000000.0;125.0;2;2;2;Nossa Senhora de Fátima;Frias Neto
2500000000.0;540.0;4;3;5;Terras do Engenho;Frias Neto
480000000.0;480.0;0;0;0;Dois Córregos;Frias Neto
320000000.0;126.0;3;1;1;Vila Rezende;Frias Neto
1350000000.0;200.0;3;2;3;Lazúli Club;Frias Neto
150000000.0;54.7;2;1;1;Nova América;Frias Neto
530000000.0;323.0;0;0;0;Villa D'Áquila;Frias Neto
235000000.0;86.0;2;1;3;Alto;Frias Neto
420000000.0;300.0;3;2;2;Loteamento Santa Rosa;Frias Neto
690000000.0;250.0;3;2;3;Nova Piracicaba;Frias Neto
260000000.0;1056.0;0;0;0;Vale do Sol;Frias Neto
880000000.0;1952.11;0;0;0;Loteamento Distrito Industrial Uninorte;Frias Neto
145000000.0;44.13;2;1;1;Jardim Nova Suíça;Frias Neto
3500000000.0;1035.4;4;3;9;Monte Alegre;Frias Neto
230000000.0;58.0;2;1;2;Dois Córregos;Frias Neto
250000000.0;100.0;4;4;4;Campestre;Junqueira
510000000.0;110.0;3;2;2;Alto;Frias Neto
530000000.0;171.2;3;2;3;São Dimas;Frias Neto
792000000.0;792.0;0;0;0;Campestre;Junqueira
530000000.0;138.15;0;0;3;Centro;Frias Neto
300000000.0;123.75;3;0;1;Centro;Frias Neto
140000000.0;208.0;0;0;0;Jardim São Francisco;Frias Neto
1980000000.0;854.0;4;8;3;Nova Piracicaba;Frias Neto
1200000000.0;1840.0;0;0;0;Santa Cecília;Frias Neto
250000000.0;68.5;0;2;0;Centro;Frias Neto
420000000.0;282.0;3;4;1;Vila Rezende;Frias Neto
1300000000.0;929.9;0;0;0;Centro;Junqueira
150000000.0;208.0;0;0;0;Campestre;Frias Neto
310000000.0;77.8;3;1;2;Alto;Frias Neto
175000000.0;52.0;2;1;1;Jupiá;Frias Neto
680000000.0;360.0;3;5;2;Parque Santa Cecília;Frias Neto
520000000.0;1000.0;0;0;0;Vila Nossa Senhora Aparecida;Frias Neto
500000000.0;175.0;3;3;3;Água Branca;Frias Neto
400000000.0;275.6;3;2;2;Noiva da Colina;Frias Neto
380000000.0;51.0;1;1;1;Vila Independência;Frias Neto
950000000.0;140.0;3;3;4;Nova América;Frias Neto
308000000.0;77.0;2;1;2;Vila Monteiro;Frias Neto
280000000.0;321.0;0;0;0;Nova Piracicaba;Frias Neto
500000000.0;175.0;3;2;3;Residencial Bertolucci;Frias Neto
750000000.0;350.0;3;2;3;São Vicente;Frias Neto
380000000.0;39.6;3;4;3;Alphaville Piracicaba;Junqueira
450000000.0;175.0;3;2;2;Água Branca;Frias Neto
280000000.0;77.84;2;1;2;Cidade Alta;Frias Neto
1750000000.0;250.0;3;2;4;Ondinhas;Frias Neto
850000000.0;1016.73;3;2;3;Colinas do Piracicaba;Frias Neto
270000000.0;74.0;2;1;1;Nova América;Frias Neto
245000000.0;275.0;0;0;0;Jardim Elite;Frias Neto
2350000000.0;486.46;3;4;2;Alphaville Piracicaba;Frias Neto
130000000.0;46.59;2;1;1;Campestre;Frias Neto
250000000.0;130.0;2;1;1;Água Branca;Frias Neto
860000000.0;137.58;3;3;4;Nova América;Frias Neto
280000000.0;110.0;5;6;2;Piracicamirim;Junqueira
150000000.0;200.0;0;0;0;Campestre;Frias Neto
140000000.0;45.0;2;1;1;Vila Verde;Frias Neto
436000000.0;109.1;3;1;2;Nova América;Frias Neto
440000000.0;433.79;0;0;0;Villa D'Áquila;Frias Neto
310000000.0;135.55;3;2;2;Nova América;Frias Neto
215000000.0;79.0;3;1;2;Caxambú;Frias Neto
148000000.0;45.0;2;1;1;Vila Verde;Frias Neto
320000000.0;125.0;2;2;1;Piracicamirim;Frias Neto
1200000000.0;198.0;2;1;1;São Dimas;Frias Neto
220000000.0;54.0;2;1;1;Água Branca;Frias Neto
269000000.0;211.9;0;0;0;Vila Industrial;Junqueira
1960000000.0;432.0;3;2;4;Loteamento Residencial Reserva do Engenho;Frias Neto
320000000.0;120.54;3;0;3;Centro;Frias Neto
2200000000.0;261.0;4;4;6;Centro;Frias Neto
300000000.0;108.8;0;0;0;Centro;Junqueira
540000000.0;300.57;3;3;4;São Judas;Frias Neto
350000000.0;172.5;3;2;3;Jardim Gloria;Frias Neto
580000000.0;270.0;3;4;3;Jardim Monumento;Frias Neto
270000000.0;151.0;2;2;2;Santa Terezinha;Frias Neto
300000000.0;130.92;3;2;2;Jardim Astúrias II;Frias Neto
370000000.0;70.0;3;2;2;Piracicamirim;Frias Neto
688000000.0;277.5;3;2;3;Nova América;Frias Neto
580000000.0;250.0;3;3;2;Jardim Brasília;Frias Neto
570000000.0;276.0;0;2;2;Alto;Frias Neto
480000000.0;151.4;0;30;0;Santa Terezinha;Junqueira
210000000.0;56.39;2;1;1;Gleba Califórnia;Frias Neto
3200000000.0;402.38;0;0;4;Centro;Frias Neto
850000000.0;280.97;3;2;3;Centro;Frias Neto
1385000000.0;900.0;0;0;0;Alphaville;Frias Neto
400000000.0;397.5;0;0;0;Nova Piracicaba;Frias Neto
230000000.0;35.0;1;1;1;Cidade Alta;Frias Neto
330000000.0;330.0;1;4;2;Santa Terezinha;Frias Neto
1600000000.0;360.0;3;2;5;Reserva do Engenho;Frias Neto
450000000.0;250.0;3;2;2;Residencial Alto da Boa Vista;Frias Neto
110000000.0;202.69;0;0;0;Campos do Conde;Frias Neto
145000000.0;203.64;0;0;0;Taquaral;Frias Neto
300000000.0;382.5;0;0;0;Damha;Frias Neto
780000000.0;112.22;3;3;3;Centro;Frias Neto
980000000.0;308.0;13;0;14;Centro;Frias Neto
690000000.0;127.0;3;2;3;Jardim Elite;Frias Neto
135000000.0;43.47;1;1;1;Colinas do Piracicaba (Ártemis);Frias Neto
650000000.0;390.0;4;2;3;São Dimas;Frias Neto
330000000.0;67.59;2;1;1;Nova América;Frias Neto
430000000.0;200.0;3;2;2;Água Branca;Frias Neto
1100000000.0;745.0;3;6;4;Nova Piracicaba;Frias Neto
620000000.0;54.0;1;1;1;Jardim Europa;Frias Neto
1060000000.0;245.0;3;2;4;Park Unimep Taquaral;Frias Neto
320000000.0;377.0;0;0;0;Parque Residencial Damha II;Frias Neto
320000000.0;70.47;3;1;2;Paulista;Frias Neto
290000000.0;80.0;3;1;2;Vila Independência;Frias Neto
270000000.0;381.21;0;0;0;Campestre;Frias Neto
930000000.0;124.83;3;2;4;Alto;Frias Neto
350000000.0;250.0;3;4;3;Paulista;Frias Neto
115000000.0;44.71;2;1;1;Pauliceia;Frias Neto
750000000.0;200.0;2;2;3;Jardim Belvedere;Frias Neto
390000000.0;106.04;3;1;3;Nova América;Frias Neto
220000000.0;520.0;0;0;0;Campestre;Junqueira
1590000000.0;250.0;3;2;4;Terras de Piracicaba;Frias Neto
2000000000.0;540.0;3;8;5;Vila Rezende;Frias Neto
630000000.0;605.0;4;2;3;Jaraguá;Frias Neto
360000000.0;108.0;3;2;2;Centro;Frias Neto
1900000000.0;15000.0;0;0;0;Chácara São Jorge;Frias Neto
2700000000.0;1316.76;0;4;3;Água Santa;Frias Neto
330000000.0;45.0;1;1;1;Nova América;Frias Neto
280000000.0;108.54;2;1;2;Nova América;Frias Neto
230000000.0;60.6;4;6;4;Dois Córregos;Junqueira
150000000.0;54.52;2;1;1;Piracicamirim;Frias Neto
6500000000.0;40000.0;0;0;0;Chicó;Frias Neto
450000000.0;143.19;3;3;2;Cidade Alta;Frias Neto
266500000.0;177.7;0;0;0;Paulicéia;Junqueira
1700000000.0;384.0;4;4;5;Terras de Piracicaba;Frias Neto
330000000.0;109.0;3;2;3;Centro;Frias Neto
1100000000.0;1000.5;0;0;2;Dois Córregos ;Frias Neto
255000000.0;69.48;3;1;1;Pauliceia;Frias Neto
250000000.0;24.7;4;4;4;Centro;Junqueira
400000000.0;845.59;0;0;0;Campestre;Frias Neto
160000000.0;57.0;2;1;1;Nova América;Frias Neto
940000000.0;420.0;4;4;4;Nova Piracicaba;Frias Neto
150000000.0;89.18;1;1;1;Centro;Frias Neto
200000000.0;53.6;2;1;1;Centro;Frias Neto
280000000.0;55.0;2;1;1;Morumbi;Frias Neto
800000000.0;255.0;3;2;4;Castelinho;Frias Neto
150000000.0;412.0;0;0;0;Campestre;Frias Neto
400000000.0;500.0;0;0;0;Jaraguá;Frias Neto
250000000.0;54.0;2;1;1;Jardim Nova Iguaçú;Frias Neto
1140000000.0;194.31;3;4;4;Vila Rezende;Frias Neto
600000000.0;143.0;3;2;3;Jardim Elite;Frias Neto
230000000.0;35.0;1;1;1;Alto;Frias Neto
250000000.0;37.8;5;4;1;Campestre;Junqueira
140000000.0;45.0;2;2;1;Jardim São Francisco;Frias Neto
130000000.0;250.0;0;0;0;Alto da Boa Vista;Frias Neto
400000000.0;418.0;0;0;0;São Luiz;Frias Neto
1550000000.0;904.76;5;2;7;Parque Santa Cecília;Frias Neto
320000000.0;405.0;1;2;2;Ondas;Frias Neto
850000000.0;400.0;0;3;2;Alphanorte;Frias Neto
5000000000.0;2149.2;0;0;0;Jardim Califórnia;Frias Neto
2500000000.0;1272.64;3;6;2;Park Campestre;Frias Neto
950000000.0;243.17;3;1;5;Água Branca;Frias Neto
730000000.0;84.0;2;2;3;São Dimas;Frias Neto
160000000.0;48.0;2;1;1;Nova América;Frias Neto
330000000.0;50.0;1;1;1;Centro;Frias Neto
430000000.0;315.0;0;0;0;Centro;Frias Neto
220000000.0;53.0;2;1;1;Nova América;Frias Neto
700000000.0;251.16;0;2;3;Cidade Alta;Frias Neto
320000000.0;151.08;3;0;3;Centro;Frias Neto
210000000.0;63.09;2;1;1;Gleba Califórnia;Frias Neto
2500000000.0;387.0;4;4;6;Centro;Frias Neto
700000000.0;187.5;2;2;3;Vila Monteiro;Frias Neto
310000000.0;70.31;3;2;2;Piracicamirim;Frias Neto
250000000.0;64.3;3;1;1;Alto;Frias Neto
780000000.0;189.0;3;2;6;Centro;Frias Neto
950000000.0;1024.38;4;4;5;Ártemis;Frias Neto
780000000.0;270.0;4;2;4;Cidade Alta;Frias Neto
1200000000.0;307.86;3;4;4;Reserva das Paineiras;Frias Neto
260000000.0;360.0;0;0;0;Reserva do Engenho;Frias Neto
264000000.0;82.26;2;2;2;Pauliceia;Frias Neto
1600000000.0;419.76;4;4;6;Terras de Piracicaba;Frias Neto
540000000.0;372.0;3;4;3;Pauliceia;Frias Neto
1650000000.0;302.38;3;4;5;Villa D'Áquila;Frias Neto
295000000.0;45.5;11;4;0;Centro;Junqueira
690000000.0;426.0;0;4;4;Centro;Frias Neto
300000000.0;307.5;2;3;1;Jaraguá;Frias Neto
400000000.0;125.0;3;2;2;Panorama;Frias Neto
385000000.0;112.88;3;2;3;Centro;Frias Neto
235000000.0;125.0;2;1;1;Terra Rica;Frias Neto
1180000000.0;253.87;3;2;3;Pompeia;Frias Neto
110000000.0;250.0;0;0;0;Tupi;Frias Neto
700000000.0;500.0;3;4;3;Jupiá;Frias Neto
235000000.0;26.5;3;2;3;Alphaville Piracicaba;Junqueira
385000000.0;138.61;4;2;2;Centro;Frias Neto
159000000.0;250.0;0;0;0;Parque São Matheus;Frias Neto
1100000000.0;195.8;0;2;6;Alemães;Frias Neto
325000000.0;83.97;3;1;2;Paulista;Frias Neto
370000000.0;1155.0;0;0;0;Colinas do Piracicaba;Frias Neto
170000000.0;44.28;2;1;1;Jardim São Francisco;Frias Neto
4000000000.0;1020.0;4;4;7;Nova Piracicaba;Frias Neto
200000000.0;53.0;2;1;1;Centro;Frias Neto
290000000.0;48.0;3;3;3;Dois Córregos;Junqueira
270000000.0;976.0;0;0;0;Santa Terezinha;Frias Neto
360000000.0;72.0;2;1;2;Vila Independência;Frias Neto
2300000000.0;596.25;0;4;5;Higienópolis;Frias Neto
415000000.0;66.7;2;2;2;Pauliceia;Frias Neto
2100000000.0;1087.18;4;5;5;Colinas do Piracicaba (Ártemis);Frias Neto
800000000.0;300.0;3;3;2;Vila Rezende;Frias Neto
550000000.0;385.0;3;1;3;Paulista;Frias Neto
2900000000.0;261.0;4;4;6;Centro;Frias Neto
165000000.0;55.33;2;1;1;Dois Córregos ;Frias Neto
624000000.0;624.0;0;0;0;Morada do Engenho;Frias Neto
240000000.0;83.09;2;1;2;Morumbi;Frias Neto
540000000.0;250.0;3;2;3;Vila Monteiro;Frias Neto
200000000.0;45.0;2;1;1;Jardim São Francisco;Frias Neto
800000000.0;1775.6;0;4;5;Alto;Frias Neto
890000000.0;315.0;3;4;3;Centro;Frias Neto
295000000.0;128.0;3;1;2;Higienópolis;Frias Neto
480000000.0;125.0;4;1;2;Jardim Brasília;Frias Neto
145000000.0;49.0;2;1;1;Vale do Sol;Frias Neto
415000000.0;301.0;0;0;2;Vila Monteiro;Frias Neto
850000000.0;157.0;3;2;5;Vila Monteiro;Frias Neto
600000000.0;385.95;5;1;3;Alto;Frias Neto
1850000000.0;386.28;3;4;5;Santa Rosa;Frias Neto
170000000.0;100.61;3;1;1;Piracicamirim;Frias Neto
350000000.0;189.0;3;2;2;Pauliceia;Frias Neto
400000000.0;40.5;4;8;4;Nova Piracicaba;Junqueira
650000000.0;227.32;0;0;2;Centro;Frias Neto
270000000.0;250.0;2;2;2;Jardim São Jorge;Frias Neto
630000000.0;327.5;3;2;3;Castelinho;Frias Neto
270000000.0;137.5;3;2;3;Paulista;Frias Neto
436000000.0;125.0;5;2;3;Jardim Brasília;Frias Neto
268000000.0;24.4;3;4;3;Centro;Junqueira
